username,password,firstname,lastname,dob,height,weight
kbrody0,VoJeOpTjC3R,Kimball,Brody,9/22/1975,5.6,131.3
emonro1,qTQ6tXr8BCi,Elvin,Monro,5/3/1984,5.8,248.5
vmingardo2,xwirK7Mann,Valene,Mingardo,3/29/1997,6.2,258
dcuff3,oFZqv0,Dimitry,Cuff,8/11/1977,6.2,283.2
tchang4,6x8bbZLC,Thadeus,Chang,7/2/1997,5.9,239.5
pthorndale5,5KJeXy1,Papageno,Thorndale,2/5/1971,4.9,161.9
hobyrne6,d4hD9o,Harald,O' Byrne,4/18/1981,6.4,287.2
ccaffery7,xSZA6QMIC,Charmian,Caffery,5/21/2006,4.9,197.3
sbaitman8,9cyyXj,Sherie,Baitman,7/7/1994,6.5,284.9
agrisedale9,GlIGfn8g,Adamo,Grisedale,6/7/1995,5.6,214.2
hrhymera,uWNa0G,Hercules,Rhymer,10/19/1994,5.9,237.2
briccioneb,v1iIzKud,Blanch,Riccione,9/9/1977,5.1,151.4
cparradicec,Ap2GShn2FV5K,Cherilynn,Parradice,6/13/1991,6.4,244
amcmeylerd,kbd3CO5Y1lG,Allx,McMeyler,9/16/1975,5.2,234.1
kcoultharde,I4ldV5EYO5,Kalindi,Coulthard,7/11/2001,6.3,126.1
cturfittf,6bMucV,Carolee,Turfitt,11/16/2000,5,277.9
jshowellg,PboAxm,Jard,Showell,5/28/1986,6.4,296.9
rguardh,bn9tf1P,Ronalda,Guard,3/20/2004,5.9,278.3
rmarchii,AEBJvGxW,Rossie,Marchi,9/27/2003,5.2,285.6
blorrimanj,kT4Pqio,Brier,Lorriman,4/11/1972,5.3,241.8
acourtmank,VDWUY0NN,Alfonso,Courtman,11/9/1979,4.9,101.7
kcaskeyl,N6O0zh5S,Kissie,Caskey,12/16/1972,6.2,184.3
swarbrickm,sxEnkD,Sanson,Warbrick,12/14/2003,5.5,171.2
alavern,sJcs7bbslp,Albertina,Laver,3/17/1999,6.2,120.2
pwharramo,RMpxID,Patrick,Wharram,11/30/1978,6.3,164.6
scutridgep,F9zZdkT,Sibyl,Cutridge,12/27/1982,6.4,246.7
greadingq,p8Agm3yZ7KSo,Gaston,Reading,12/27/1979,6.6,200.6
gspurdensr,f90Ln7X4Be,Glynda,Spurdens,3/8/2007,6.4,149.2
zjohanness,p50CVVyWTu,Zebedee,Johannes,4/24/1973,6.3,226
stremolierest,QgouXw,Shamus,Tremolieres,1/15/1975,5.7,243.7
mdickieu,BpMi32ufGKxJ,Marna,Dickie,6/12/1973,5.6,230.6
erosenwaldv,93Jqr7Qqruu,Erinn,Rosenwald,8/16/1992,5.9,147.8
ksammonw,tfua59EJMYn1,Kris,Sammon,12/7/1986,5.5,224.2
crulfx,EljTHi,Chalmers,Rulf,3/23/1975,5.4,130.4
hdransfieldy,h9UkNs38qF9e,Helenelizabeth,Dransfield,11/28/1999,5.9,258.7
udeasz,Pa7C8x74YNxE,Uriel,Deas,3/12/1980,5,108.2
tboyat10,wBA37kIuQ1D,Torrin,Boyat,4/10/2006,5.2,244.3
havesque11,wMxpntKjjT,Hayward,Avesque,8/5/2007,5.2,233.6
sbradneck12,jYq7USw5M,Sonny,Bradneck,9/17/1979,6.3,295.7
pcheel13,YJ0vffv4lE,Peta,Cheel,10/17/1996,6.2,270.8
vespino14,wC2y7HZOCOV,Vivie,Espino,9/16/1983,5.8,224.5
tpuncher15,rcbS7xH8Z,Tallie,Puncher,1/8/1976,5.7,193.4
tbreche16,7rSkbIc,Theodosia,Breche,2/23/1982,5.7,129.5
hfrancke17,upA5Fnx,Hannie,Francke,6/29/1983,5.3,130.3
cbanville18,cSdqO7,Carmella,Banville,3/8/1993,6.3,276.4
ccleghorn19,Jp4TPJ,Corrina,Cleghorn,11/29/1991,5.1,197.7
aphonix1a,U2miXxc,Allys,Phonix,8/17/1978,5.5,142
dbirtwhistle1b,lIkrmgqlHT,Devon,Birtwhistle,12/21/1975,6.3,265.2
fwabe1c,EzmFiUChW,Fayth,Wabe,8/2/1979,5.4,237.8
stheurer1d,phMJ3g6,Shanta,Theurer,7/5/1982,5.8,191.7
wtinton1e,HRm7v6mYk,Waylen,Tinton,10/31/1973,6.4,209.3
wgoodbar1f,xolwye2Jv3Z,Whitby,Goodbar,3/10/1987,5.6,223.6
icharity1g,I7Ukr8rQB,Isis,Charity,3/17/1975,5.9,289
atissiman1h,nn0GYsjd,Anton,Tissiman,2/8/2007,4.9,106.2
agartrell1i,mdKRLN,Aggy,Gartrell,11/16/1985,5.1,218.9
pfidell1j,AQW2Nb,Parke,Fidell,6/15/1977,5,142.4
jdavern1k,QTmnJw,Jard,Davern,4/16/1995,6.2,250
aattoe1l,kkNxTzt9nH,Audra,Attoe,2/28/2001,6.4,286
faberdein1m,CRQx6fX4ugyA,Farrell,Aberdein,12/21/1980,5.8,151
mmelato1n,34QdU93c2G,Maurie,Melato,12/29/1987,5.6,285.4
hbrindley1o,duU6abIvh1Xg,Hill,Brindley,4/25/1988,5.8,149.3
cdunmuir1p,OyRoSWEuB,Chucho,Dunmuir,4/2/1985,6.3,237.8
bcarde1q,dDoFC3doL,Berni,Carde,8/4/1997,5.4,217
rgue1r,FxeiywLHFi,Ricard,Gue,12/30/1980,6.3,230
kgooly1s,fliQ7pJeBE,Korry,Gooly,6/30/2004,6.3,240.8
imoulsdall1t,HZHQ4wjKTkS,Iolanthe,Moulsdall,2/22/1980,6.3,285.4
atwoohy1u,KOmWcM,Alaric,Twoohy,8/30/2003,5.7,172.8
lkelsell1v,53esZd6,Leda,Kelsell,7/20/2003,5.5,148.2
umacallen1w,5RcqDNDS,Ulises,MacAllen,6/24/1983,5,234.9
tjackalin1x,f5zKuwuZaY75,Teresita,Jackalin,1/4/2005,5.1,150.3
ulorentzen1y,FTfZ71HyYj,Ulises,Lorentzen,12/21/2004,5.4,109
avinsen1z,1FdBFR1ZlP,Andriette,Vinsen,12/3/1983,5.3,248.6
mcanner20,rs36cPNfkJ9,Mommy,Canner,11/3/1985,5.1,224.7
tplaxton21,Eg0dcMR3,Tommie,Plaxton,7/21/1977,6.6,113.2
lhatherley22,fghJX9qqzS,Lorenza,Hatherley,9/29/1971,6.2,192.8
pchedzoy23,tXg7vxLeH,Philbert,Chedzoy,10/5/1987,6.3,254.3
dveazey24,CHo66iRam,Dal,Veazey,1/27/2006,5.2,210.9
bstinton25,G6X1WicL3N,Brigida,Stinton,9/12/1975,5.8,101.7
lleinster26,K8r6P55dga,Lu,Leinster,5/31/1986,5.6,207.6
cperotti27,7yqjr33wpB,Cobby,Perotti,7/27/1999,5.5,172.6
cjillions28,udJSG5zew5,Camila,Jillions,5/23/1979,4.9,246.6
jvelasquez29,yOKQE4REKV,Joela,Velasquez,10/6/1980,5.9,238.6
doxbrough2a,kjb6Bo,Diannne,Oxbrough,7/31/1989,5.6,252.9
bmarkl2b,EgRESDS42,Brod,Markl,9/19/1994,6.2,212.1
mdevonald2c,NMql1ZG,Mil,Devonald,9/15/1992,5,222.4
agreenslade2d,SAdGlAk1,Austin,Greenslade,7/16/1985,5.3,249.6
mtroyes2e,TuSq5kDD,Martica,Troyes,10/1/1985,5.6,181.6
jstansall2f,GPv8OJjHHNs,Jobi,Stansall,3/31/2006,6.6,126.2
amirando2g,5p4dT7,Aubry,Mirando,6/19/1975,5,137.1
fiacovides2h,pOIwVg4J5,Francine,Iacovides,5/3/1974,6.4,292.3
ckonmann2i,rjODWXo5q,Cynthie,Konmann,5/7/1994,6.3,136.7
egumbrell2j,fWPJNi,Ellen,Gumbrell,4/6/1976,5.8,115.4
afreckleton2k,v5NQAPUApy,Alfy,Freckleton,1/14/1990,6.6,212.9
cwylie2l,lZzvmTQI0,Chandra,Wylie,7/28/1986,5,236.6
soxshott2m,KG5YX5n,Sonnie,Oxshott,3/26/1974,6.5,185.9
dneale2n,5h2tSuvfZ,Damiano,Neale,4/18/2005,5.9,243.1
gbarnsley2o,ohImRNUFhq,Greer,Barnsley,10/20/2001,6.3,260.2
sheadingham2p,OnUnCshis1,Sandie,Headingham,3/29/1991,5.2,263.4
bhazlehurst2q,tcinWo0b4i,Beckie,Hazlehurst,6/9/1989,5.9,208.9
tferrierio2r,2XDhZnFg4OQp,Timothee,Ferrierio,5/8/1973,5.7,185.1
selflain2s,AECkH8P,Susanne,Elflain,6/23/1993,5.9,112.7
jhaps2t,tVwdAaI6l,Jo-ann,Haps,12/6/2001,5.4,237.9
zroussel2u,MlYtGFr,Zebadiah,Roussel,11/4/1994,5.4,292.4
jmaggs2v,9WAfCW,Jerrilee,Maggs,5/27/1971,6,289.5
bmckimmey2w,zmPSSu9,Beau,McKimmey,3/2/1972,5.3,209.2
ibamforth2x,XUOG5Z,Ingrid,Bamforth,12/6/1995,5,202.7
vphlipon2y,Fq9cKQ2AI9Hr,Vonnie,Phlipon,1/22/1998,5.4,127.8
abourner2z,gH0Q6xd,Anabelle,Bourner,10/11/1988,5.8,120.2
srojas30,o6PoN0U,Stephie,Rojas,2/15/1979,6.2,248.9
chryskiewicz31,2nZph4Vr,Cecily,Hryskiewicz,12/20/1971,5.5,204.7
cbetjeman32,EKiZLzL,Clea,Betjeman,9/21/1974,6.2,204.9
bweildish33,142KuX4SF5c,Brigg,Weildish,8/22/1981,6.5,118.7
arobbeke34,qGbEtZ4I1h,Ailey,Robbeke,1/23/2003,5.2,292
kflacke35,ttXFTYHzT4,Kassey,Flacke,3/4/1982,6.2,193.3
wmattock36,JEI94dZ04x6,Westbrooke,Mattock,5/19/2004,6.1,248
dmalling37,7xSwlycvF,Dorey,Malling,2/20/1977,6.2,277.8
gtott38,HPxLLecktnEr,Gnni,Tott,10/19/1994,6.3,202.5
tleneve39,9trQ8Jsi,Teodor,Leneve,12/24/1975,5,293.7
mferretti3a,KVm5XEg,Maryjo,Ferretti,6/16/2004,5.3,152.5
dpaviour3b,DVlHdPI8,Dulciana,Paviour,1/11/1977,5.1,220.8
ywisedale3c,0vLYubPhWb,Yolanthe,Wisedale,12/25/1990,6.3,119.8
rcristofolo3d,z5Ili9SF,Rosana,Cristofolo,5/28/2004,5.9,121.8
scolledge3e,8MsICrGcTe9t,Shena,Colledge,7/27/2002,5.8,167
fposner3f,iUgOflP690,Ferrell,Posner,9/8/1996,5,104.2
kworsham3g,f84p5xJ,Kay,Worsham,11/6/1982,5.2,217.9
lguswell3h,tCmvnhE,Latrina,Guswell,1/28/1972,6.2,292.7
rbarukh3i,0SQia5sTKoCL,Randi,Barukh,7/20/2003,6.4,274.5
rgethen3j,1eh1tv,Rafaelita,Gethen,11/14/2001,5.6,140.8
lmatys3k,9d1v4v,Lorri,Matys,2/12/1978,5.5,151.5
kgodball3l,JbNtMLxgrQ,Kass,Godball,4/20/2001,6.5,235.9
amelluish3m,mbaBsg,Armando,Melluish,11/3/1983,5.4,181
tblow3n,gJhJ1Wc,Ty,Blow,10/3/1998,6,172.2
gcolerick3o,Es3t7WRSOi,Gabriell,Colerick,1/8/1999,5.7,172.8
ecorbert3p,kQiAjtNVY,Ephraim,Corbert,10/9/1994,6.2,236.5
lsimons3q,NlcvryhE,Lauralee,Simons,4/29/1989,6.4,171.1
wwilliment3r,Eyo1xt4,Wilmer,Williment,4/7/2001,6.1,127.1
psarl3s,eB68BFm,Pasquale,Sarl,2/21/1994,5.9,217.4
fruddin3t,kDTohv4B,Franky,Ruddin,6/29/1980,6.2,238.4
jmcterry3u,tpqWnT0Aj,Julietta,McTerry,8/9/1994,6,190.6
carntzen3v,QtD6ZK,Cross,Arntzen,2/22/2007,6.3,159.4
jbedo3w,GWJXpv93WP,Jeremy,Bedo,1/30/1976,5.7,192.5
bzannutti3x,w8tPnimwg,Brunhilda,Zannutti,6/26/1992,5.3,238.1
cburchett3y,rTWTSvaHR4I,Camile,Burchett,3/4/1999,5.6,181.4
ahallowes3z,iThozhcUFjy,Allison,Hallowes,8/26/1981,5.2,261.4
jmcjury40,QTXZgLW,Jess,McJury,4/2/1998,5,118.7
sclinnick41,k1czl9K6Yw,Sibley,Clinnick,12/25/2002,5.7,180
ckinnen42,RPeIQ6,Carey,Kinnen,2/23/1998,5.1,152.9
anoe43,eSUHfe,Anet,Noe,6/21/1988,5.6,290.8
dloxton44,fK2UZu,Diana,Loxton,11/1/1984,5.4,210.6
jbille45,3D61jj,Jake,Bille,3/20/2006,6,159.8
jbysh46,xnA5VeNzhI,Jonathon,Bysh,9/26/1990,5.1,286.2
icrossfield47,OBqctwhm,Isa,Crossfield,3/25/1984,6,222.3
pgamett48,7JMu8Wa,Penny,Gamett,11/16/1980,6.6,225.5
kdenniss49,yOCyRt14,Kenna,Denniss,10/16/1978,6.2,262.8
arollo4a,P9OcQ9kLtf6,Aloisia,Rollo,5/21/1994,6.4,122.8
pwylder4b,koPRk7IMd,Peria,Wylder,3/5/2000,6.2,174
mearle4c,dqlTrYxp3,Myron,Earle,5/19/1987,5,165.2
lkee4d,Yg8tJ1H5qVR,Laney,Kee,1/15/1972,6,124.7
pboarder4e,e9zwzjj,Pincas,Boarder,12/31/1993,6.1,293.5
dpeert4f,au1EFxZk,Davon,Peert,3/29/2007,5.6,288.5
kmaunder4g,TlZ8TM1,Kerwinn,Maunder,7/5/2004,6.4,204.3
kbenbough4h,H8l63UYKvHtB,Kristoforo,Benbough,10/17/1978,5.1,146.1
mrostern4i,nCjvFhVJ,Moll,Rostern,12/14/1998,4.9,176
ecockshott4j,k9wGgHyMh00,Emmery,Cockshott,8/3/1979,6.3,147
mhullot4k,Gq48gEWsV,Magda,Hullot,11/24/1979,5.6,137.9
bcastelijn4l,oJPATp,Bucky,Castelijn,9/16/1985,5.8,191.5
ddun4m,PexuPFhNe,Douglass,Dun,9/6/1999,4.9,155.4
melcome4n,7Sldizvq7E2,Mina,Elcome,4/1/2006,5,288.1
jcobbled4o,wxRQYKp84,Jacinta,Cobbled,9/18/1990,5.7,225.2
ehunnybun4p,NiAyE0UBwHKd,Ethan,Hunnybun,10/19/1992,6.2,135.7
icarp4q,mjFJLsG,Isaiah,Carp,5/25/1990,6.2,139
medwards4r,F7GY8eCLNDKL,Maible,Edwards,11/22/1981,6,277.2
iforge4s,JRHRy0r,Idelle,Forge,3/14/1974,5.6,193
avassbender4t,3OdtRCPYnnaX,Ailey,Vassbender,8/10/1972,4.9,284.1
wdightham4u,SeIlDkspBcwS,Waylin,Dightham,10/28/1995,5.8,214.5
rcasajuana4v,SPs1DFoashQt,Robina,Casajuana,4/20/1973,5.9,239.2
cmackall4w,WqDT8I3sD4c,Clarinda,MacKall,4/12/1992,6.4,173.8
vbramley4x,or8W6OVrh,Vaughn,Bramley,12/29/2002,5.9,101.2
jdymott4y,43l9ymswhp,Jan,Dymott,8/23/1985,5.1,293.6
mgounot4z,UfyCI6m,Melloney,Gounot,11/14/1992,6.2,117.5
lwithull50,D6hdsBUP,Leoline,Withull,11/6/1983,5.4,154.3
bmcgunley51,9vhY1f,Brinna,McGunley,11/30/1984,6.5,204.4
nglandfield52,eALKLkNet8G,Nikolas,Glandfield,5/27/1972,6.1,251.9
kdecourcy53,Vmljne5fLXZ,Kathy,Decourcy,3/1/2001,5.5,206
worteau54,QYGLI3q6,Wayne,Orteau,10/3/2001,5.6,122.7
kcross55,fHFU8MotE,Kathrine,Cross,10/29/1985,5.7,124.3
gfrohock56,AcDYhBc,Goober,Frohock,8/16/1993,6.2,255.3
hdrabble57,QmWk6Wny48,Hardy,Drabble,9/24/1988,5.2,165.1
vdurrad58,q8oSLad5LcZE,Veradis,Durrad,1/10/1998,6.3,164.1
khanhardt59,hzbvAlIFE,Karmen,Hanhardt,6/10/1989,5.2,282.4
cballintyne5a,z6QJ4iyD2WFw,Cara,Ballintyne,10/1/2002,5,234.2
acubbon5b,F7AtBpRUcAk9,Amelie,Cubbon,11/7/2006,6,102.8
idecarlo5c,PVpC4R6dLr7N,Issy,De Carlo,2/5/1992,5.2,147.9
jsweeting5d,1F2lszEUG,Jodie,Sweeting,7/10/1978,5.8,111.7
jcases5e,GxpjURUPC,Josie,Cases,11/7/1996,5.9,202.8
tcleave5f,5YEA8hpq,Timofei,Cleave,4/13/2003,5.2,216.6
gseabourne5g,keyndCUxTohX,Guenevere,Seabourne,12/5/1976,5.7,248.7
pbertlin5h,NtaEa3QvQkD,Padraig,Bertlin,11/15/1977,5.6,146.7
saleso5i,Hif6ajAXvi,Susi,Aleso,11/13/1978,5.7,267.4
mblaydes5j,jTfTXTas,Misha,Blaydes,11/5/1985,5.2,204.6
eparminter5k,VoNE712baPq,Erik,Parminter,4/10/1975,5.8,157.7
mmorville5l,6VSdH9R51Eye,Minna,Morville,2/22/1974,5.7,255.6
tpeter5m,CyGya5A,Troy,Peter,8/24/1971,5.1,299.5
cgiovanardi5n,ZZl8pX4NtmY,Conchita,Giovanardi,7/24/1971,5.4,183.4
mrout5o,VxNHYuBlqY,Mair,Rout,9/25/1975,6.5,258.8
bdavey5p,Ig4o1x6fH,Bili,Davey,2/21/1980,6,284.4
gspare5q,lyP9zE,Ginevra,Spare,12/2/1993,6,142.2
rheisler5r,KErosRBGw5p,Roze,Heisler,8/22/1976,5.8,148.9
cgommery5s,KU4cx53RH,Cordelia,Gommery,11/25/1993,5.4,117.4
nparnell5t,CvV90POL,Nolana,Parnell,12/24/2001,5.2,127.2
mtamblyn5u,xMBKmerMT,Margaret,Tamblyn,10/29/1982,5.6,217
fburdytt5v,Fd2ogYZ0k,Floris,Burdytt,4/8/1984,5.1,248.3
rlamborn5w,uIolIk,Red,Lamborn,11/15/1989,5.4,264
mwalkden5x,lu9ohqf,Matthew,Walkden,5/29/1996,6.6,147.4
ablade5y,FTk50Sw,Archaimbaud,Blade,2/27/1976,5.8,273.5
mjillings5z,iKnZJjhtdB,Madalyn,Jillings,6/15/1980,5.4,239.2
rbrame60,QzeM66R,Reagan,Brame,1/4/1995,5.7,170.6
bpaolacci61,pNqR5U,Binni,Paolacci,7/28/1994,6,105
cbrisland62,kcExkYTx,Courtnay,Brisland,4/1/1990,5.7,165.4
bgeleman63,3IzzXcXoP,Blane,Geleman,1/26/1971,5.2,184.9
fmarmyon64,ufKL666t,Fawnia,Marmyon,11/18/1980,5.3,231.1
mmosconi65,ebboi9ID,Mikael,Mosconi,6/24/2004,6.6,124.2
iguiu66,AIYKWTgNXraH,Ingaberg,Guiu,1/23/1976,5.8,187.7
bvanderdaal67,lpSYSK,Bartie,Van der Daal,8/8/2002,5.8,131.3
gsailer68,8ddzdddCCM,Galen,Sailer,5/17/1991,5.1,129.5
jmatyas69,ALd75DEAz4q,Joanna,Matyas,12/8/1999,5.5,178.9
aharriot6a,2EZyfWu,Arda,Harriot,5/29/1974,5.9,214.4
eraiston6b,i2YtTQSwLJ,Elias,Raiston,11/23/1975,5,191.8
pruit6c,1AFrnnTH,Purcell,Ruit,5/29/1986,5.3,122.2
hblenkinsop6d,ZBzYzGz,Hagan,Blenkinsop,9/30/2005,5.9,104.9
ckayzer6e,ruHYjbKXmb6D,Cooper,Kayzer,6/19/1993,5.8,216.2
bbohlje6f,BUkkCSd53O,Betsy,Bohlje,4/4/1999,5.6,204.4
cphilippault6g,sySYADb95,Claudio,Philippault,8/12/2006,5.2,162.3
awoosnam6h,tJV3aR,Anallise,Woosnam,12/13/1988,5.8,109
diacovides6i,L4CGK8La,Dylan,Iacovides,10/25/1992,6.1,187
sattree6j,l3qVBW8IJ,Spencer,Attree,3/9/1971,5.2,157.1
ksemkins6k,2MKVNUXGft,Kissie,Semkins,1/14/1978,5,207.8
dlemmon6l,UllUNPPYSkA3,Dore,Lemmon,12/1/1971,6.1,262.2
sthelwll6m,yYdfOAWf33,Shannon,Thelwll,6/26/1977,5.8,174.2
gjacob6n,bdOkN4wpEvS,Gerti,Jacob,4/10/1999,6.3,287.9
alethabridge6o,HgPMTg,Aili,Lethabridge,1/24/1997,5.7,203.7
aaldington6p,V3CcYw58DjI2,Axel,Aldington,3/6/1972,6.6,188.6
asimmans6q,Ga7p3V7,Alie,Simmans,4/10/1993,5.9,205.4
jsabbins6r,9XRZMZS,Jonathan,Sabbins,10/15/1987,6.1,213.7
cstitt6s,udhKPijNW,Con,Stitt,12/15/1992,5.9,113.4
jleadley6t,8abdFao,Joshia,Leadley,7/31/1990,5.1,166.5
tcrooke6u,MI2QiukhINB,Tobey,Crooke,11/17/1984,5.9,222.4
kgreystoke6v,5UJI4Ae5h,Keane,Greystoke,7/21/1996,6,199.6
scadagan6w,khSE0Z9l,Sean,Cadagan,3/22/1990,5.5,140
taldine6x,Dv5zKB,Ted,Aldine,9/26/2005,5.9,271.2
averdey6y,wVwclnHGWUl,Ansel,Verdey,8/13/1979,6.2,198.4
kocannan6z,mcOPW0zt7,Kary,O'Cannan,8/20/2005,6.4,229.9
bkeywood70,QEaLobTi9,Biron,Keywood,1/16/1974,5.7,246.4
pterrett71,YpKtihA,Pooh,Terrett,12/14/1972,5.4,258.4
uleggis72,5nMrW97wyz,Ulberto,Leggis,4/30/1980,6.4,163.7
dhassent73,QA3LGRzD,Delaney,Hassent,6/4/1999,5.6,263
jchiverton74,U7FcgGk1H,Jordana,Chiverton,6/4/1973,5.5,285.4
dbeels75,yYNCVBV6P,Doralin,Beels,10/28/1996,6.6,231
afeatherstonhaugh76,SjIparS,Allen,Featherstonhaugh,3/4/1990,5.8,102.8
eullrich77,5d8D06,Evonne,Ullrich,12/11/2003,5.8,254.6
ghaysey78,PTLe99,Geordie,Haysey,3/29/1990,5.7,191.8
ikobpa79,3dNhcw3H,Idalina,Kobpa,1/14/2006,5.3,193.9
clandells7a,NfW66NF,Camella,Landells,2/4/1977,5.8,257.3
igarfit7b,KZupLWzzLZ4,Ignace,Garfit,12/30/1980,4.9,246.6
jswannack7c,gMMmBDr8c,Josefa,Swannack,6/13/1975,5.8,139.7
owillcott7d,GMNmAZFj,Onfre,Willcott,3/12/2005,5.6,124.7
wmenci7e,Pr8FPY,Winona,Menci,1/5/2006,5.2,177.8
slentsch7f,1JaiQBAw,Sarge,Lentsch,5/26/1985,5.9,199.5
swattinham7g,pUiXiEyc,Shell,Wattinham,9/11/1999,6.1,117.1
ascini7h,cFEaRXf,Audrie,Scini,1/22/2004,5.4,273.5
lgoare7i,oVWM0xdO5YTS,Ladonna,Goare,8/26/1998,5.5,121.6
mshorland7j,Ol513ldh,Marlie,Shorland,8/14/2005,5.1,273.8
bfairall7k,B08vdWUUumKS,Brina,Fairall,5/6/1995,5.2,221.1
crouff7l,BG0GPrPiUg,Charmaine,Rouff,5/2/1977,6.3,209.8
hwerlock7m,QVEILnyXGr,Hill,Werlock,12/19/2006,5.9,221.2
kcrunkhorn7n,3Md3kVWf7,Kate,Crunkhorn,6/17/2004,6.3,270.6
hmahood7o,NIUCza,Hugh,Mahood,5/22/2000,6,237.1
acalyton7p,G0fuDsAWW,Abbot,Calyton,5/16/2007,5,106.4
bbraikenridge7q,wx61Sf,Blinnie,Braikenridge,2/28/1982,6.6,225.6
soneill7r,SiIX0QK2CB5,Shawn,O'Neill,10/3/1972,5.1,133.9
cstammer7s,s2KeiFBnOk4,Culley,Stammer,5/27/1977,6.2,149.5
lblissett7t,HaeTBX8By,Langsdon,Blissett,8/6/1984,5.8,259.3
coloshkin7u,c8I15Kh,Clarance,Oloshkin,4/6/1971,5.7,256.9
cdobbins7v,l16hLRj877,Coralyn,Dobbins,8/6/1998,6.4,293.4
xworrill7w,hYz4B1,Xerxes,Worrill,12/20/1994,5.6,124.2
garnao7x,tsHVoEg7EWm,Griffy,Arnao,8/29/1973,5.5,196.7
mdavies7y,KRiFIenvd,Marijn,Davies,4/5/1977,5.4,279.7
jpointon7z,1vs3IsVF1,Jessalin,Pointon,1/5/2001,5.6,209.9
mwaison80,svy1VxF456Dl,Moyna,Waison,9/8/1973,6.6,268.5
jstirtle81,nftyRh,Joice,Stirtle,6/17/1977,5.9,144.4
kpickston82,DnmSnju,Kirk,Pickston,12/23/1984,5.1,240.4
ahodges83,NLOPC664N4,Ado,Hodges,10/19/1989,6.4,222.9
bbelmont84,nGjVOgO,Byrle,Belmont,9/7/1975,6.1,270.4
ppeacock85,LbWsF3A,Phillie,Peacock,12/20/1985,5.7,138.1
ascrase86,rJfSKsl,Abby,Scrase,1/11/1999,6.6,138.8
jaucourte87,4IJi6z8Y,Jack,Aucourte,3/5/1993,5.7,153.2
floreit88,8kTaTzvjBTy,Fina,Loreit,1/7/1996,6.4,219.2
cswede89,Q9hmA0O,Carl,Swede,4/7/1998,5.9,245.2
fharbidge8a,Lm6eGxvZ,Franni,Harbidge,1/23/1982,5.3,251
efulker8b,gCtDrYg7mdL2,Eddie,Fulker,8/21/1983,5,253.7
bcharlwood8c,d0TMwH,Benjie,Charlwood,11/22/2002,5.2,264.1
pwingrove8d,nTo78NOxzcq,Philomena,Wingrove,9/20/1980,5.4,227.9
santrack8e,xyF4uwlIMA5d,Sully,Antrack,2/13/1999,5.8,228.3
wseaman8f,iLE9ZQG3XCdS,Waite,Seaman,3/23/1999,6,100.9
bconachie8g,HdANXPp,Bradley,Conachie,7/25/1995,5.5,219.1
csalway8h,cACZGPGrLA,Chris,Salway,11/11/2000,4.9,281.4
zpaviour8i,2NzkSMZOHbX,Zed,Paviour,2/22/1983,5.3,197
fsteggals8j,0jT7xi,Francesco,Steggals,2/14/1996,5.3,102.7
igrigor8k,g7rqWX,Ingunna,Grigor,9/28/1985,5.6,133.2
nbrimham8l,l7mRqMtcvhh,Nerty,Brimham,10/14/1976,5.2,210.1
gludwig8m,JH0d0jIFQ3WY,Gordan,Ludwig,10/20/1986,5.4,218.9
bcleghorn8n,7ORB4O,Berny,Cleghorn,4/28/1993,5.9,144.7
jtacker8o,CKLruWyLC,Jodee,Tacker,11/11/1974,4.9,248.8
dburdekin8p,Xi6vCdsmA9P,Derek,Burdekin,4/8/1981,5.7,156
snannizzi8q,561smoiKi,Shelton,Nannizzi,11/1/1981,6.1,163.4
gboosey8r,E4VQHrEN,Gregor,Boosey,1/16/1986,6,177.6
fdiano8s,8cJyOGA5j,Farleigh,Diano,4/13/2003,5.7,249.2
mbowgen8t,upWUqP,Marita,Bowgen,1/7/1997,5.3,132.8
akettles8u,iB3lP8aRW,Aurelie,Kettles,5/27/2002,6.5,133.6
hgogan8v,DbHlcv,Helsa,Gogan,1/14/1980,6.3,272.4
alarham8w,K40urtJw,Alia,Larham,3/20/1984,5,152
cshelley8x,ccXJDuq,Collin,Shelley,11/24/2006,6.3,299.8
bmacquarrie8y,kkKBQTHpkv,Becki,MacQuarrie,8/21/1971,5.1,249.7
sspira8z,ki7x5Ri8VnV,Sven,Spira,4/28/2003,4.9,233.1
wclewer90,MhxAuENpE,Wood,Clewer,4/30/2002,5.8,283.8
thawson91,dblOhJN,Thea,Hawson,7/29/2001,5.9,111.6
glyttle92,BcBkLhKm4,Goldie,Lyttle,11/1/1978,6.4,284.6
mwinpenny93,2hq2g0y8,Moore,Winpenny,9/9/1989,5.1,123.3
fsharply94,fjafIVc,Fidela,Sharply,1/2/1993,6.3,236.1
aruprechter95,kM8zEcv8T,Adolphe,Ruprechter,12/3/1974,5.7,274.7
agunner96,6UuVjxp2,Amabel,Gunner,8/24/2003,6.4,121.6
dolyet97,VO5YytvIesxP,Dreddy,Olyet,8/1/2001,4.9,277.3
mtomley98,O0ThW6IzYH,Maren,Tomley,3/13/1984,4.9,184.2
rinchan99,odnkq8N,Reiko,Inchan,4/23/1997,5.9,295.3
tbruun9a,2qSiIak6h,Theodoric,Bruun,11/25/2004,6.6,168.1
agallihaulk9b,allnDqywSyKP,Adela,Gallihaulk,12/3/2003,5.4,161.9
gleet9c,S0J7VFjr,Georgetta,Leet,10/2/1978,6.3,253.2
cknollesgreen9d,OUuO0TEnZ6N,Cynthie,Knolles-Green,10/11/1987,5.7,153.8
dchurly9e,x6IIgH,Doralyn,Churly,9/28/2001,6,151.4
cferby9f,06yVUuy,Christiana,Ferby,11/15/1996,5.8,280.4
dsouthworth9g,rjM0r67LG3DG,Drucy,Southworth,10/9/1990,6.4,111.8
gwemm9h,bsBZOKtwhB,Garvey,Wemm,6/28/1990,5,246.7
vcomberbeach9i,CI9fQ3,Vassili,Comberbeach,4/12/1977,5.1,205.9
kmoy9j,osP6NhdYcDW,Karita,Moy,8/1/2004,6.1,109.8
dsymmons9k,fdw42lPqNKU,Debby,Symmons,8/8/1995,5.9,123.4
fivashin9l,e7ZSCgn,Francoise,Ivashin,2/13/1999,5.4,292.8
abryer9m,s5N5gd,Arlene,Bryer,8/11/1972,5.3,211.6
lvillar9n,K5HlhalPzgra,Levin,Villar,12/25/1982,5.2,287.9
jdubock9o,biJ9czr4t0x,Jeanelle,Dubock,8/29/1990,5.8,257.5
rballantine9p,9qHh7AYA2Myr,Rosemarie,Ballantine,2/22/1979,6.1,299.8
tferrini9q,9Gq2kdeClOE,Tiffie,Ferrini,11/22/1980,5.3,233.7
ghuggett9r,t4vKIAJiKy,Garey,Huggett,9/8/1981,5.2,189.8
rmckain9s,QVyBlwv,Rainer,McKain,2/14/1982,6.3,195.5
abartle9t,fXV542k,Aldus,Bartle,7/22/1982,6.3,180.6
wfoucar9u,bR1Kv5nwUiQ,Willetta,Foucar,1/20/1975,5.6,184.4
ggoodram9v,p9vGB3WFR,Gibb,Goodram,10/13/1993,6.1,246.3
vbeernaert9w,XEGHf6wgPYP,Vince,Beernaert,8/18/1981,5.7,238.9
aharome9x,PDP4w762,Agneta,Harome,2/5/2005,5.3,214.4
gverecker9y,s4A5rTwCRn,Gavin,Verecker,5/8/2001,5,242.7
jbettenson9z,eSGFBzpR,Jaimie,Bettenson,3/18/1971,4.9,108.7
mwareinga0,zrAO4q,Melba,Wareing,6/19/1983,4.9,220.9
oharrala1,hFBLdI,Olenolin,Harral,11/27/1989,5.5,155.8
mmackiesona2,u5HPL9GDr,Mirabelle,Mackieson,12/19/1996,5.4,132.6
afilippia3,VS5rPGa4H1,Antoine,Filippi,1/16/1994,4.9,220.5
afranciea4,s6ZeeK5SVi,Arvy,Francie,3/9/1992,6.1,106.1
gcoverlya5,XJryr0P,Giulia,Coverly,3/6/1997,5,261.7
bcandlina6,FWFa1lbzb6Lj,Barbra,Candlin,2/17/1978,5.2,175.2
bhugilla7,7QsA3HgoXYWs,Basil,Hugill,5/9/1983,6.5,262.6
kvaina8,jZDazCGxuBU,Kellsie,Vain,1/21/1990,5.6,263.8
kmacuraa9,bFulAsEigK,Kikelia,Macura,1/22/1996,6.3,147.1
mgylesaa,FTEIvxr9,Marita,Gyles,7/2/1985,6.1,177.9
wwisbeyab,cSANCfL,Wain,Wisbey,3/17/1978,6.5,276.9
lgoodwinac,WUniG5IUTR,Lowell,Goodwin,10/4/2002,5.3,192.5
pbulbeckad,rgQSPV,Pietro,Bulbeck,12/6/1996,6,222
mjolinae,R5jrJG6QjBR,Mufi,Jolin,4/23/1993,5.1,204.3
fstoddaf,EI8VrU12jLBn,Franky,Stodd,9/28/2005,5.6,122.6
gdemaineag,cWWmnG,Genevieve,De Maine,8/22/1977,5.2,221.2
ckeitchah,GIkT20wX,Cesare,Keitch,5/20/1973,6.1,248.5
apassmoreai,sj7ljKd,Aida,Passmore,5/22/1988,5.8,217.9
zsaccoaj,Kjce9sl,Zebulen,Sacco,8/11/1998,5.5,230.5
fdugdaleak,0A1TWA,Fields,Dugdale,9/21/1979,5.1,262
mkensital,vjiEEDfVmT,Myca,Kensit,9/11/1995,5.4,224.1
rsellarsam,RHjoAto,Rosabella,Sellars,7/23/1972,5.8,262.2
gdurnillan,FfT5GKUfIswI,Garwin,Durnill,9/20/1988,5.8,276.1
rfitzgeraldao,Ym6jPQE,Rudd,Fitzgerald,11/20/1994,6.5,236.2
bchasmerap,5vQbMGf20QrT,Brocky,Chasmer,10/22/1977,5,117.7
joldershawaq,wiSeeyo7,Jonah,Oldershaw,10/8/1971,5.8,215.2
mbennellickar,S5V8iI5Wkl,Maxim,Bennellick,1/6/2005,6.6,262
rmcboyleas,Xra6KUT,Rosa,McBoyle,9/1/1973,5.8,125
cdelahuntyat,WhYExHg1b,Courtnay,Delahunty,1/19/1977,5.6,282.2
aandriau,vUTN9fUrS,Auberon,Andri,12/17/2002,6.1,122.7
oborgeav,J8cCshP,Ole,Borge,6/2/1999,5,283.9
lspowardaw,BSlLykV,Levin,Spoward,4/28/1994,6.3,183.4
mkeightleyax,bcHoqvNeW,Marianna,Keightley,12/12/1978,4.9,275.8
fgrogonoay,Xub7G7nIv7Ox,Filberto,Grogono,1/21/1990,6.3,250.6
fcawoodaz,4O5z764pJ7Sx,Fanchon,Cawood,9/4/1987,6.4,299.5
ikunab0,wppJLJdVfiGD,Isidore,Kuna,10/21/1992,6.1,228.9
cgrundb1,K1ByusCa19ou,Cornie,Grund,6/25/1994,5,245
schapellb2,zq99VA,Skipper,Chapell,4/23/1995,5.5,274.6
jcaserob3,yGGIkz52E9,Jaimie,Casero,6/11/1984,6.1,228.7
mvaughanhughesb4,KYMqZciT,Maxie,Vaughan-Hughes,9/14/2007,6.1,192.7
rdaveyb5,2XwR2z,Rice,Davey,11/6/1999,5,258.1
ocaneob6,m73pj49,Oren,Caneo,9/18/1982,5.8,294.8
hgainforthb7,4tSexUq9,Hugh,Gainforth,9/21/1979,6.1,204.5
hswantonb8,rOgsinhkIePk,Haydon,Swanton,9/15/1988,5.6,152.4
rgertrayb9,K2wSmKsz0tgc,Rois,Gertray,3/29/1983,5.7,193
dprucknerba,O3ENIFk4,Dallis,Pruckner,10/8/1994,5,175.9
jmacduffiebb,mn16Wx,Jarad,MacDuffie,10/4/1997,6.1,120
dtaggettbc,lspM4S,Darcee,Taggett,9/4/2006,5.1,193.1
bbolandbd,IhpKv0Jj,Bebe,Boland,10/23/1972,5.1,164
dblighbe,CQROXHMbcT5,Des,Bligh,6/11/2004,5.9,293.4
meddowisbf,e6oiX4Lh,Mercie,Eddowis,8/17/1994,5.1,152.1
mmulvinbg,9kgn7YzFG,Minni,Mulvin,4/13/1982,5.9,232.8
gchewterbh,NWUQjRJzaec,Gusti,Chewter,12/4/2004,5.3,112.4
pdibiagiobi,7XWumgd,Perry,Di Biagio,2/21/1992,5.9,131.8
bbeamentbj,F7WdSD0y,Blaine,Beament,6/20/1976,5.3,269.9
rjutsonbk,hrNcn0Kxc8,Rod,Jutson,1/19/1984,5.9,288.3
jscarisbrickbl,EMAEHX,Josh,Scarisbrick,3/13/1984,5.9,299.8
hcrofthwaitebm,ElNZtjf9QK21,Hoebart,Crofthwaite,4/21/1999,5.7,136.4
ssamuelsbn,8rW142gG,Sky,Samuels,1/3/2005,5,226.6
ttumpanebo,hoB3CicaCKeK,Traci,Tumpane,3/24/1992,5.2,119.7
olongbp,Aj2nYIpOgc,Orbadiah,Long,3/9/1985,5.8,230.9
kgrandissonbq,XBmGZZ3M,Kathi,Grandisson,1/22/2007,5.5,237.5
dlerouxbr,ZehyqIFn1o,Duffy,Leroux,5/23/1971,6.1,129
dwaldiebs,NYewIdLU,Dalston,Waldie,6/30/1981,5.4,215.5
cnettibt,m9Dqs6aC,Corene,Netti,4/6/2007,5.5,260
ngashbu,2q5rsyBrkn,Nathanil,Gash,11/11/1976,6.4,128
cpurkisbv,mRIZovfIBM7,Camila,Purkis,5/12/1991,5.4,289.1
bbarrowcliffebw,F4YnDZgZfcA3,Boote,Barrowcliffe,6/12/1976,6.1,255.4
lriponbx,dd0UaGx0de,Lindi,Ripon,3/28/1986,5.5,175.1
gjesseby,yBZVzpd,Guy,Jesse,4/15/2007,5.8,113
msuttillbz,vmWSpDPU91D,Maison,Suttill,8/26/1985,6.4,105.1
lgookeyc0,x549s3kZQ,Lorie,Gookey,3/17/1982,5.9,272.7
tabramovc1,MLpfgClNyl,Tonnie,Abramov,3/24/2000,5.5,134.3
ogiggsc2,60g005vmXo,Otes,Giggs,7/3/1982,5.2,272.3
wbrockwayc3,amLUxD8T,Wayland,Brockway,11/23/1997,5.2,290.9
hsemirazc4,jJdFDo,Harris,Semiraz,9/17/1990,6.3,245.4
cvannerc5,DAtfrMV,Caddric,Vanner,5/19/1998,5.4,205.5
bcheltnamc6,LyDow6XKF,Beniamino,Cheltnam,8/23/2002,5.2,219.3
hoffenc7,pNDslAmW,Herman,Offen,8/12/1979,6.3,229.6
fkrabbec8,LIX1JgTh,Flor,Krabbe,4/3/1991,5.2,160.8
rgraemec9,Vsa4819c,Rosalia,Graeme,8/14/1998,6.3,268.6
bbengleca,e0WTWnUW,Byrann,Bengle,11/18/1972,6.1,114.9
jpereiracb,NIHUPkuw,Jennie,Pereira,9/2/1983,5.4,173.2
odelhaycc,PifWwCeDr,Ossie,Delhay,3/28/1993,5.7,121
jsynkecd,jY0jFK1fPza,Jackquelin,Synke,1/27/2005,5,268
kjeppersonce,rIBG8Im,Kellia,Jepperson,2/29/1984,5.6,203.7
edorbercf,59LAivBLQh,Etta,Dorber,12/6/2000,6.6,249.3
arustichcg,5fhLxxTOr,Augustus,Rustich,12/7/1977,5.9,208.3
hpeckettch,EETmz7b4kZj,Hobey,Peckett,10/6/1973,5.9,143.6
gwadgeci,oTVhb0dI,Glynda,Wadge,6/21/1979,6.4,239
cgaitskellcj,nxX4OT,Cynthea,Gaitskell,8/14/2006,5.1,228.5
mcoltonck,NW2PdrDaMKh,Marcela,Colton,3/13/1992,6.3,243.1
cfarnallcl,vlYzxSzIkbCX,Chad,Farnall,5/5/2002,5.8,132.2
rgauthorppcm,0ACCjKVkf1,Reggy,Gauthorpp,2/18/1982,6.1,123.4
wvandenhofcn,p8qutWN,Windy,Van den Hof,3/18/2007,6.5,129.1
hdumbletonco,N0Jd18,Harold,Dumbleton,9/23/1971,5.2,155.1
ilorrainecp,XXH5EuFK8N,Imogen,Lorraine,1/28/2002,6.1,258.1
adymottcq,d2ZBje0xJ9z,Angelina,Dymott,5/6/1978,6.5,280.4
bacomcr,Dz6HWJYg,Berrie,Acom,1/20/2005,6.5,142.9
apeadencs,psrHLDuRao,Annalee,Peaden,8/28/1995,6,187.1
vfairfootct,rmj5qKDjifBI,Valentina,Fairfoot,7/5/2007,5.6,129.8
dhaughtoncu,LmsQwBw,Dorri,Haughton,4/11/1983,5.8,195.9
acoxwellcv,dUvcWL,Asa,Coxwell,7/18/1980,6.4,237.5
ablaydescw,83z0D9O03G,Arabela,Blaydes,7/29/1998,6.4,126.3
athynncx,lBALSHUWwxw,Alameda,Thynn,7/8/1980,5.9,238.8
acreuscy,9d2VRSLQQTe,Amelina,Creus,7/2/1985,6.3,101.1
wcheesecz,YVcExHKWM,Waverly,Cheese,12/16/1985,5.9,272.6
bdalglieshd0,QL257L,Brendin,Dalgliesh,10/9/2001,6.3,143.6
ogelland1,v4egCl3Jh,Onida,Gellan,2/11/1996,5.3,228.8
trouffd2,4VjIPUxGNieH,Tomas,Rouff,6/13/2002,5.6,132.8
ebrimilcombed3,O87iSuptj4f,Elmore,Brimilcombe,1/11/1997,6.5,104.5
openfoldd4,YDe8iS2JgVG,Ozzie,Penfold,9/21/1994,5.9,267.8
kfranzolinid5,oaVfZc9Nm2,Kermit,Franzolini,1/2/1990,6.4,224.5
acasalettod6,n67gQBRTOAK,Alisa,Casaletto,2/5/2004,5.6,235.6
mwilkind7,PwLJpzSWw,Major,Wilkin,3/10/1980,6.1,111.5
phoused8,yvDiVdDBt,Prudy,House,7/23/1972,6,187.4
pwithringtond9,lKUYOyJa51,Pip,Withrington,2/3/2001,5.7,288.2
mcastellinida,Qc3cpr,Meredith,Castellini,6/27/1975,6.1,268.9
fbolindb,koj8uzPsY,Friedrick,Bolin,8/24/1985,5.7,158.5
mworttdc,hlxIyCKtn,Maxim,Wortt,10/12/1995,5.5,236.7
wselvesterdd,0LTkLmA8t,Winnah,Selvester,12/4/2002,5.6,159.4
cshanklandde,OGJaqr,Clay,Shankland,2/2/1987,5.3,107.1
qkloserdf,6pmds3Gq2aUh,Quinton,Kloser,2/21/1998,5.6,148.4
tbeedhamdg,JMt0fNnr7m2,Teresita,Beedham,11/24/1982,5.4,153.5
htarburndh,0XcAwnIsIS,Hussein,Tarburn,6/3/1972,5.6,233.6
ojohantgesdi,ElpNcI9q0,Otho,Johantges,6/9/1985,5.1,211.8
pdisburydj,JllQiiqBfnW,Pietra,Disbury,9/2/1986,5.9,235.8
nbrosidk,iBysJXIdv,Noel,Brosi,9/27/1971,5.3,258.9
cfranceschiellidl,sEqJSKf0L,Claresta,Franceschielli,12/12/1979,5.8,159.6
smartyntsevdm,SDL8roE,Samuel,Martyntsev,10/19/1976,5.1,141.2
ncaistordn,0QKfX9YS,Nyssa,Caistor,4/5/1993,5.2,229.2
dwesseldo,yLDfoH,Dimitry,Wessel,11/16/1991,5.5,117.2
wgingeldp,7pApo7auzE,Waylin,Gingel,9/1/1977,6.1,278.3
driolfodq,kmChcsZ,Damiano,Riolfo,7/11/2004,4.9,234.5
mcaldarodr,QIM4U66X4J,Marjy,Caldaro,4/2/2003,5.1,217.1
lpagettds,vjkKRbu,Loreen,Pagett,4/22/1972,6.5,109.8
ahelwigdt,CivYFzBGML,Alexandrina,Helwig,8/13/1974,5.7,110.2
aeichelerdu,WthTRbJO0xRU,Ashli,Eicheler,4/3/1993,5.7,147
sapflerdv,RxdmbFyf34X,Sheffy,Apfler,6/6/1980,6.1,249.4
ohenkendw,XWCzeosIbF,Orlando,Henken,4/18/2007,5.5,297.6
rsandemandx,4A2lEn,Ruttger,Sandeman,3/13/1976,5.4,240.1
dbartolomeazzidy,CJhcBiVIf,Della,Bartolomeazzi,6/5/1990,4.9,276.1
plaethamdz,hK6sLYm2,Paulina,Laetham,4/9/1986,6.5,194.2
mshortelle0,Y8vx63TW,Milzie,Shortell,8/7/1983,5.5,192
dbradforthe1,kVj5nq4Njy,Denny,Bradforth,7/5/2007,5.3,176.3
aonionse2,tDoEKczW,Ardath,O'Nions,9/1/1995,5.4,281.9
slarkine3,uZQdT7nUiiEV,Suzanna,Larkin,11/19/2000,5.3,146.7
rkhane4,oLHcLM,Romain,Khan,8/4/2007,6.5,138.1
jseawelle5,oIHzz9k2U9K,Jobina,Seawell,3/6/1995,5.7,250.8
dasgodbye6,hmz7uax2Tc,Darryl,Asgodby,3/26/1979,4.9,244.1
dringse7,RAjOTj,Desmund,Rings,9/10/1979,5.1,254.5
ccowdene8,G9ocmZU8Mgq,Cleopatra,Cowden,2/3/1980,5.2,272.5
mgodferye9,aAOkBvLidro,Marv,Godfery,7/25/1984,5.8,120.9
mmedwellea,4ZthAgH3,Myrilla,Medwell,12/25/1982,5.2,284.6
bgoodinsoneb,xYvyCSoJXtR,Benni,Goodinson,12/15/1976,5.8,272.5
pbuggec,WXla4K4L,Pearline,Bugg,12/11/2000,6.6,119.7
sblibened,drZkXovU,Sax,Bliben,11/16/1985,5.1,147.8
ccornfootee,v6DGOf,Clare,Cornfoot,10/24/1992,6.6,155.3
jsteffanef,nSlmQ08gmfC,Jilly,Steffan,10/7/1973,5.6,271.7
vdundridgeeg,isfKgB,Vivia,Dundridge,10/2/1976,5.1,137.7
vhuisoneh,Qg1YsO,Vilma,Huison,5/27/1984,6.1,258.1
egilfoyleei,nPiKLFm7E,Ezequiel,Gilfoyle,6/18/1977,6,243.9
ebarrittej,kqybHd,Elisha,Barritt,6/2/1994,5,265.1
rizsakek,vGbwRkqv,Rutherford,Izsak,3/19/1998,5.5,269.9
bsurgenel,5qYD8m8L9qCW,Benji,Surgen,10/27/1986,5.4,218.3
blitsterem,aq2dNOj,Bernhard,Litster,8/14/1988,6,270.3
jmuirdenen,T9v6lgyMGfKR,Jerrilyn,Muirden,8/31/1972,5.7,115
adewintoneo,vNeO5j5VdV,Ara,De Winton,6/22/1971,6.2,268.8
gnarupep,n7SLiaqjBa,Georgi,Narup,12/2/1986,5.1,250.8
cgansbuhlereq,hyL0q90xfE,Claretta,Gansbuhler,7/7/1996,5.8,273.9
mgreenhamer,AWFrVfvvnS,Marco,Greenham,5/17/1983,6,280.5
jprahmes,JpxGsjfwAxS9,Joel,Prahm,11/19/1985,5.9,227.9
kmostenet,rA5KSNABx,Klement,Mosten,9/27/1997,5,233.7
gdisleyeu,g3MUm1,Gaylord,Disley,10/3/1972,5.6,221.8
cbusfieldev,kFjgQl,Casandra,Busfield,1/12/2006,6.3,169.6
wfronzekew,EGL0uZi,Wandie,Fronzek,3/21/1996,5.6,165.1
acanteraex,0bRefUnAXHwc,Audi,Cantera,4/27/2006,6,258.2
mlefrancey,YPykkO9nc5Dn,Mahalia,Le Franc,6/26/1996,6.2,284.2
dpaskeez,sHHC2Z,Dougy,Paske,5/12/2006,6.5,222.3
kcahernyf0,y2CGcHQBYY,Kenton,Caherny,5/27/1986,6.3,166.7
rfarrynf1,wLLT4Rc1nkN,Rori,Farryn,7/20/1992,5.1,128.7
rhambridgef2,uVufZSvFhi,Rudolph,Hambridge,10/21/1980,5.3,158.4
imarnanef3,ZSicTBxSo0,Ilyssa,Marnane,5/5/1995,5.7,214.9
rfranktonf4,QA6RhX,Reade,Frankton,7/3/1990,6,237.8
dcorroyerf5,PftZyPP,Darryl,Corroyer,9/6/1973,5.3,101.5
fparrf6,TMw9DT,Florence,Parr,4/30/1975,6.5,266.9
jbasketfieldf7,WUoBkil,Jerry,Basketfield,8/16/1981,5.1,240.2
gairyf8,mxepTXBBFVtY,Gard,Airy,9/13/1990,5.3,102.6
bdinapolif9,zv2Faij,Benni,Di Napoli,8/27/1981,6.5,216.3
hbratcherfa,vLZzrzR6FH,Haskell,Bratcher,4/23/1998,6.6,202.5
aowersfb,5NSpRe89q,Alvie,Owers,9/24/1992,5.6,219.9
jshawelfc,bSIEgBU8,Janella,Shawel,4/1/1991,6,260.7
jdavydochfd,TNZhbypd8qx,Joyous,Davydoch,9/14/1974,5.5,220.6
fmiddenfe,ss2F2DEP3RL,Fransisco,Midden,12/23/1977,5,216.3
pplumsteadff,MRshbB,Philippine,Plumstead,7/7/1972,6.5,186.6
mwaddilowfg,DB4h9v,Moses,Waddilow,4/18/1977,6.5,148.6
lpietruschkafh,fObWGFS,Lorne,Pietruschka,10/18/1972,6.4,150.3
rhodgonfi,NpIoDCPD,Rubina,Hodgon,8/10/1979,5.6,235.1
fwulfingerfj,y2caQzdLWGO,Fleur,Wulfinger,6/13/2005,6.5,108.1
apearlfk,k5LoNC,Alfred,Pearl,12/20/1985,6.3,249.6
cpritchardfl,gVG1U1eZpsi,Callean,Pritchard,5/19/2001,6.4,101.9
nmalinsonfm,tnPQFwKH,Nolana,Malinson,9/23/2004,5.3,279.6
lgommeyfn,1xEs6LPbTR,Loutitia,Gommey,8/7/2004,5.8,112.9
ecumberbatchfo,xnBaOMfnFPp,Elysee,Cumberbatch,4/1/1988,5.9,284.4
kthrushfp,m8PTQbO0YU,Kaylil,Thrush,3/25/1973,6.4,108.8
rjeannenetfq,a6lPmfs,Rochella,Jeannenet,8/16/1972,5.2,258.4
abisphamfr,yIAlVnG,Alvis,Bispham,10/20/1995,5.3,297.3
asurgeonfs,vQnUhKZr,Alice,Surgeon,8/17/1978,6.3,132.2
cfishpoolft,xUw0DVL,Carole,Fishpool,1/31/1998,5.6,251.5
eheinlfu,bxDtxoBRCITy,Eldin,Heinl,6/13/1976,6.5,226
calishonerfv,GmE15wh9g,Conan,Alishoner,4/30/1998,6.2,133.6
aclaypolefw,GBAcj7CMbKuL,Aluin,Claypole,11/23/1974,5.3,112.3
vparryfx,m5c4B4x,Vernen,Parry,5/11/1992,6.6,125.9
pmagorfy,nuY3245mk,Pammy,Magor,6/22/1971,5.3,117.7
claffertyfz,s6aht8Ooriw,Cristian,Lafferty,8/30/1987,5.6,184.9
bplaidg0,aHX05cPQd1M,Bertrando,Plaid,5/27/1986,5.7,278.1
nscobieg1,PZT6iWW2otK7,Nolana,Scobie,1/22/1979,5.1,245.1
neasbieg2,D96clnN,Nathaniel,Easbie,12/30/2004,6.3,263.3
cleateg3,CHvJ6lOwniK,Cherrita,Leate,10/16/1984,6.6,223.8
hdingivang4,TN3k0fXypg,Hazlett,Dingivan,6/18/2001,5.9,213.9
tstephensong5,t6rNj9N2ao,Thorndike,Stephenson,1/4/2002,6.1,203.4
kkovacsg6,S0e0KxR,Kalli,Kovacs,6/30/1984,6.1,162.7
jmeneurg7,xauivJ,Jaimie,Meneur,12/9/1988,5.6,145.9
mswayslandg8,8YjPNZGHTH,Markus,Swaysland,8/19/1977,5.3,217.6
gsweetmoreg9,ynr4ElK1e,Gavrielle,Sweetmore,8/22/1974,5.6,236.8
jveelerga,3IYQy3,Joyan,Veeler,2/28/1981,5.3,212
ppochetgb,dYMW3DA,Pegeen,Pochet,12/8/1984,6.2,217.1
ncardenasgc,n1t2D8ic,Northrop,Cardenas,1/12/1972,6.1,255.9
trichardesgd,u05B70ykIq,Torey,Richardes,10/13/1995,5.7,110.7
dthorneloege,2CwTyF,Datha,Thorneloe,6/10/1990,6.2,140.4
tgerbelgf,fXnpoQcd,Tommy,Gerbel,9/17/2002,6,299.8
aoherngg,n1Z09qdgs0D,Anthiathia,O'Hern,7/15/2002,5.9,239.3
chizirgh,OkyF147b5bSj,Colet,Hizir,9/18/2004,6.4,278.9
lzorzuttigi,YTBX72,Lothario,Zorzutti,12/22/1973,5.2,245.4
dknowllergj,GQZrf8yOq,Danyelle,Knowller,1/29/2006,6.3,209.2
gbaggalleygk,vau3FYhe,Guinna,Baggalley,1/25/1996,5.4,194.5
dranscombgl,ddNqSKPyWi,Deana,Ranscomb,1/21/1974,5,132.2
adwyrgm,GjqZpx,Amalia,Dwyr,2/16/1983,5.6,193.8
bcorradettign,sthkZpI8O2,Benedikta,Corradetti,4/3/1972,6.1,203.9
bwyllisgo,Efvk9YEjMkc,Brook,Wyllis,6/11/1996,5,114.5
kelmargp,xzGbFfJvW,Katrina,Elmar,10/24/1975,5.1,299.4
emcphelimgq,kHKwM4JBHsPq,Edgardo,McPhelim,10/21/1985,5.5,228.1
elimprichtgr,Eu8eZMS,Eva,Limpricht,3/26/1978,5.7,287.8
csislandgs,5YiHxVavr3qg,Corbet,Sisland,5/17/1979,6,252.1
bwhyliegt,zhjkMMc,Bowie,Whylie,3/18/1983,5.8,149.4
pakittgu,j4psbq5jKrg,Pall,Akitt,11/14/1971,6.6,178.3
eokennygv,AtWXjOx66W,Ernestus,O'Kenny,10/4/1979,5.9,127
rleportgw,zoWDMuSEMcRH,Roanna,Le Port,6/12/2001,4.9,119.6
wwicksongx,r3WFisc,Wren,Wickson,1/22/1971,5.2,223.4
rbartolicgy,EI6CMsM,Randolph,Bartolic,5/22/1977,6.2,141.7
ngreevesongz,YdHgiH1t8E,Neill,Greeveson,10/31/1988,5.3,242.9
bclacksonh0,kGWE2RYS5Dif,Ban,Clackson,6/30/2002,6.4,231.9
djellh1,melmadRzu0Jd,Dallis,Jell,11/1/2001,6.1,217.7
gluxh2,zR3UQEL,Griffith,Lux,5/23/1974,6.3,113.9
igierhardh3,zrBQJYl,Iorgo,Gierhard,12/28/1972,5,181.8
fmatuszinskih4,drR3S1bPq,Florri,Matuszinski,2/14/1991,6.6,238.2
tkobielah5,OnhcHRF,Tristam,Kobiela,9/19/1993,5.8,186.3
ggannawayh6,fAhlfM,Gerhard,Gannaway,8/15/1986,6.4,282
aberrowh7,mS5BXz,Albie,Berrow,10/16/1978,5.6,233.5
pplowsh8,At9XpEvR68,Petra,Plows,1/5/1972,5,180.4
mmacmakinh9,mFcOVnE5CFH,Myriam,MacMakin,2/11/1983,5.4,275.5
cskymha,qFY7AndMWa8,Candie,Skym,7/4/1996,5,138.2
eedgesonhb,bDCMUm,Erica,Edgeson,9/15/1995,5.5,117
pmeldonhc,iUS4768M2,Priscilla,Meldon,1/10/1993,5.5,205.3
jschuttehd,igZfbEWl6ED,Juliana,Schutte,1/14/1994,5.1,222.8
rmuinohe,GLe9dfa8v,Rici,Muino,3/7/2005,6.4,247.8
amackibbonhf,YBi0ORrYHlb,Ardath,MacKibbon,11/22/1993,5.8,172.6
nwheatonhg,OVmha9hc,Ninnette,Wheaton,4/27/2001,5.9,166.3
fgrinyerhh,ND6ezcq5yYo,Far,Grinyer,2/4/1985,6.2,178
gpruvosthi,AXeLgIP,Gale,Pruvost,10/2/1994,5.6,236.1
skiliushj,QhN8iW,Sharona,Kilius,8/9/2003,5.7,227.3
kgatheridgehk,BVjdhTR,Kendra,Gatheridge,1/30/2000,5,218.5
pshadrachhl,ctF4xZJ8COF,Priscella,Shadrach,3/6/2001,6.4,261.2
jbirchetthm,09UJm5N43RL,Jamison,Birchett,11/18/1984,6,286.3
smosdallhn,NXiJirmgO,Selma,Mosdall,9/29/2000,5,134.4
atiptaftho,pmH9P3,Adrienne,Tiptaft,3/18/1973,6.1,172.2
elapadulahp,0m50Njqm8Wyl,Elfie,La Padula,12/5/1970,5.7,165
sscreachhq,6Xm7CVX,Sally,Screach,4/18/1982,5.4,123.9
sarentshr,yodtlw,Shaylynn,Arents,11/9/2002,5.1,222.3
aschohierhs,TnrUQxK7x,Ava,Schohier,9/30/1995,5.7,250.6
sibbsht,NZBQExiR,Sena,Ibbs,7/6/1997,6.3,137
nnergerhu,x1UYrQdLWi,Nadya,Nerger,5/12/1994,5.9,196.7
bperrigohv,ZqOp35z,Barty,Perrigo,7/19/2002,5.4,100.3
mmacuchadairhw,YjhXfc9jMt,Morganne,MacUchadair,11/12/1982,6.2,289.4
scottyhx,oyNUbLjd9h,Stepha,Cotty,7/20/2007,6.5,279
ebarnhillhy,uQ3mMJEoF,Edmon,Barnhill,2/16/1992,5.7,148.1
lwhaplingtonhz,VL0B8OwY5iR,Levi,Whaplington,4/4/1980,5.3,169.2
atripleti0,3cIhrhDS3wZ,Arleen,Triplet,3/19/1972,5.4,129.5
jbeamesi1,I1XlASrTASv,Jeane,Beames,9/20/2004,5.9,187.7
clingwoodi2,IQ2mT9lAE26,Concordia,Lingwood,10/2/2003,6.4,112.5
mcarnsoni3,yk6GVkdongV,Magdalena,Carnson,7/8/2006,5.6,240.3
gpegdeni4,idypozLVDD,Giovanna,Pegden,5/23/1997,5.4,295.4
jclarai5,L5EoCZR0,Johnathan,Clara,11/11/1991,5.8,212.1
npilmeri6,IuOYH4xtz0im,Ninetta,Pilmer,4/19/2002,6.1,142.7
dtrobridgei7,8ngzenU,Darci,Trobridge,11/11/1997,5.9,190.5
ekistingi8,B6R27c2R,Elihu,Kisting,3/2/1977,6.5,134.7
eiveyi9,zMezgv0,Elijah,Ivey,12/17/1977,5.8,193.8
walania,T6qmLuSN,Wylma,Alan,5/10/1974,5.1,121.4
stellenbrokib,s8fq5927QycA,Sandye,Tellenbrok,2/18/2003,6.1,236
fmonanic,hZNCfoL,Fanchette,Monan,9/25/1997,5.3,132.9
mmemmoryid,4vwOi6d1,Mariele,Memmory,12/3/2005,5.9,150.4
jconnoldie,0CX8NroGbSF,Jaymee,Connold,11/30/1976,5.9,162.4
cringroseif,oeqlDCrC8,Camey,Ringrose,10/15/2003,4.9,109.6
fstraughanig,tflp8TyM,Francois,Straughan,1/25/1974,6.4,145.9
ewisemanih,mhrY4keHOaB1,Edd,Wiseman,7/6/1982,5.9,210.3
sgringleyii,NAWCsk3,Shermie,Gringley,2/19/1991,6.1,291.9
lburderij,XauPVRbvZTU,Lydia,Burder,6/13/1999,5.5,215.7
gmacknockiterik,sA9aMSxWUZJb,Gino,MacKnockiter,8/27/1971,5.7,282.9
jransomeil,LzNTAWn6z,Jill,Ransome,2/20/1977,6,154.7
ogallonim,okoyIvcSc4If,Olympe,Gallon,1/7/1993,5.9,279.8
ekilcoynein,wMhQ5bw,Enrichetta,Kilcoyne,1/3/2003,6,263.3
ctutchenerio,JIQJ5MuNblgV,Carlita,Tutchener,12/9/1986,6.5,188.2
vkitterip,TMqY7b8K,Vanni,Kitter,4/17/1994,5.6,258
emartyginiq,u7GNDm,Ezri,Martygin,12/29/1987,5.9,255.3
amenureir,o6CMHFmp,Amandy,Menure,2/4/1973,5.1,292
kdeboldis,T0PVLR,Kennett,Debold,6/24/2002,5.3,109.8
omaccreait,b0KgAU69k,Ollie,Maccrea,1/12/2005,6.5,108.8
bzukeriu,monuD5My,Brit,Zuker,11/19/1973,5.8,237.7
lmacphadeniv,zcD6gRV,Lilly,MacPhaden,7/6/1980,6,244.3
kwiburniw,Tn5ziS,Kellen,Wiburn,8/4/1989,5.8,272.5
sostridgeix,oxm6Q7SZl2,Sophia,Ostridge,11/7/1988,6.6,113.6
lspencookiy,pGVaV73,Leah,Spencook,7/8/1986,5.1,140.1
lnielsoniz,oVQgQRYQWH,Leroy,Nielson,4/17/1985,6.1,198.6
bplunkettj0,K4jiZF9bD4,Bee,Plunkett,11/7/1977,5.8,209.8
gwestpfelj1,q9Q9wHaIYDAN,Gratia,Westpfel,10/19/1997,6.6,243.3
caddisj2,g3YHnspjqOc,Crystie,Addis,4/21/1978,5.4,245.2
mmariettej3,Fqg4ul,Mata,Mariette,7/16/2004,5.2,274.2
zmaylorj4,DX4fETD0STx,Zsazsa,Maylor,7/15/2004,6.1,142.2
ptownsleyj5,cwiwgF3mSp29,Paten,Townsley,10/1/1998,5.3,106.2
mpickavancej6,bByJDKM1hZrS,Melodie,Pickavance,10/9/1986,5,135.5
btabordj7,GbvfqfH13L1,Bronny,Tabord,6/2/2005,5.2,215.4
klaverj8,KPJUFFAYvkfD,Kristien,Laver,12/25/1988,5.5,125.4
ljosephj9,Q8HQwH,Ladonna,Joseph,7/3/1982,5.8,244.1
adakhovja,Ali0du2nyM,Adelaida,Dakhov,8/29/1984,6.5,254.1
ipowleslandjb,H8XKvFoG,Ike,Powlesland,7/7/1996,6.4,262.6
ehaggartjc,RI69EJZwz,Elvyn,Haggart,10/23/2005,6.4,197.7
cmcasterjd,9Q2Q4E2E,Carmen,McAster,10/7/1975,5.6,137.1
eeddowje,6yZv5C4,Emelyne,Eddow,12/24/1992,6,133.6
rdorranjf,XWxbZvTz6X7,Reider,Dorran,6/22/1996,6.4,165.7
wflaggjg,g723V0KSkq4E,Waly,Flagg,8/12/1978,5.5,149.5
chundayjh,ld48s5,Cherilyn,Hunday,5/30/2004,6.1,210.6
dpitwayji,HZA1Tlge9Sf,Darcy,Pitway,8/13/1981,6.1,242
dgianninijj,BJM7Z6y,Demetre,Giannini,5/29/1985,5.9,147.3
ijosephovjk,fCeyGxNt0g,Ivie,Josephov,12/1/1992,5.8,299.3
cstillmannjl,OiVY09A0E,Christophe,Stillmann,10/28/1971,5.9,298
aferrariojm,8OlQAKWhN9B,Annadiana,Ferrario,5/2/1997,5.7,260.1
abraunfeldjn,nW1OGRBz,Aron,Braunfeld,5/20/2005,6.2,157.6
dravenscraftjo,ScWbHqkrV,Dalston,Ravenscraft,1/17/1980,5.2,231.4
cgilardonejp,aWajmjcmya,Cirilo,Gilardone,6/25/1973,6.1,207.2
gstrowtherjq,JpCYenBy,Garwood,Strowther,7/14/1989,5.7,182.1
cfomichyovjr,gqYTm5d,Cart,Fomichyov,1/5/1992,5.3,181.2
bbeanjs,Y7oCAOPjIUg,Barth,Bean,7/29/1995,5.8,180.4
dharsjt,hqm3RcMo5ca,Dynah,Hars,1/16/1999,6.3,266.6
llutyju,P0wXlfpD1,Lazar,Luty,11/28/1981,5.2,171.8
lboggsjv,ovvcg6j4TDZ,Llewellyn,Boggs,8/13/1974,6.4,231.8
rbotwoodjw,aQRP1ut,Reece,Botwood,5/1/1981,5,163
tmcwhanjx,FMO8yha7KV,Trudie,McWhan,9/30/2004,6.3,205.8
apuffettjy,eZSDnTULXyM,Ambros,Puffett,12/30/1994,4.9,147.9
adakersjz,UQk9AmX8o,Alvie,Dakers,4/26/2002,5.9,196.6
vlittlefieldk0,OILfYRAiUP,Val,Littlefield,3/18/1974,6.3,262.1
agoudmank1,eXzOIb,Austin,Goudman,3/3/1994,5.5,100.9
bdunksk2,ebyqN5vLkXfI,Brad,Dunks,4/5/2005,5.4,209
dcowlamk3,HA45hJiD,Dorry,Cowlam,4/17/1974,5.8,298.2
cdoddemeadek4,bd2Jt9QjzF,Cris,Doddemeade,6/24/1980,6.3,212.6
hruseworthk5,dj3vjph7Q,Hetti,Ruseworth,6/17/1973,5.6,293.3
rchallinork6,DjNnup,Ruthanne,Challinor,4/11/1983,5.8,258.6
cmcvittiek7,z7Xj0T0G,Cortney,McVittie,5/13/1975,5.6,178.3
dbeggank8,cwRMZAoXyufL,Danyelle,Beggan,8/10/2004,5.7,231.4
rcrankek9,VRrCIE37k4Yj,Rhona,Cranke,6/30/1989,6.6,278
vglanceyka,TjJOh1lYd,Viv,Glancey,2/26/2001,5.8,178.6
cpalerkb,lv4nt4S,Cyrill,Paler,5/4/2001,5.6,298.2
ivaudrekc,I9i8QVEcKhVu,Ina,Vaudre,4/17/1974,6.2,209.5
ncleekd,EELnHzkVZ1,Nickola,Clee,11/2/1993,6,174
czannelike,5sE7Tbay,Constantine,Zanneli,4/10/1995,5.5,272.9
theggskf,Km0TRU9,Thalia,Heggs,2/15/1990,6,170.5
eminorkg,9OmZrxNRrPEx,Evin,Minor,12/20/1994,5.1,108.1
csoutarkh,vNZze9luNCa4,Carrissa,Soutar,7/31/2000,5.9,278.7
jvarleyki,mc8i6nL,Joycelin,Varley,7/27/2003,5.1,161.8
rveigheykj,HY9Y0IkQDow,Ring,Veighey,5/23/1973,6.5,231.9
mwinklesskk,liMdqsm8I,Misti,Winkless,5/16/2000,6,244.6
glanphierkl,0bsr0wur,Gayel,Lanphier,9/29/1976,6.5,187.7
pchateaukm,Cx5wRT8p,Phyllida,Chateau,7/12/1976,5.7,186.1
nbraganzakn,9QCeMksheih7,Niko,Braganza,12/8/1996,6.3,193
jdimmockko,cbqD2J0f8BKY,Jacky,Dimmock,10/1/2002,5.7,227.9
msethkp,jY5EWONq,Madge,Seth,6/29/1971,6.6,297.4
aparradinekq,e6qMkWr4G,Andi,Parradine,10/27/1989,5.8,106
msavilkr,MkoauF,Margeaux,Savil,8/6/1984,5.6,183.3
hneedsks,MByDm84pthW,Hilde,Needs,1/1/1989,5.4,170.2
sogilviekt,YRplrX7iJ23e,Siward,Ogilvie,8/21/1987,6.3,115.1
twillowayku,uDZlIv8RCB3,Tarrah,Willoway,1/18/2007,5.6,253.3
ddikelinkv,sKZA9A,Danit,Dikelin,10/28/1981,6.1,136.3
lloudekw,KoTEndWJyMW,Lucine,Loude,7/18/1971,6.2,256.2
nrevelkx,1PmDSrI9tlh,Neall,Revel,11/7/1982,6.4,229.7
tbarbischky,niPeSI0lG3Hm,Tatiania,Barbisch,4/19/2000,5.8,189.3
kfrailkz,hwZ6en4jtf,Kristal,Frail,11/4/1981,5.7,220.7
kpetol0,qCSe2wawW,Kassie,Peto,11/21/2003,5.7,148
tseivertsenl1,Gv8CFGmRCvR8,Tallia,Seivertsen,12/18/2003,5.3,173
ycisselll2,pO6nJ3,Yvonne,Cissell,5/3/2006,5.1,282.6
skiernanl3,KNRmpw,Sallie,Kiernan,10/20/1996,5.6,289.1
fprudhaml4,jiEASgbuZo8,Fiann,Prudham,8/27/1971,6.3,277.4
fgrimmel5,mP2P49WS,Fanechka,Grimme,4/4/1997,5.6,277
rganniclifftl6,lPRRTd5Dplz,Rici,Ganniclifft,10/16/2003,5.9,170
sthurlbournel7,9iq7uA,Starr,Thurlbourne,1/12/1979,5.9,241.4
cblacklyl8,HnxtUn9WC,Cal,Blackly,6/23/1987,5.5,211.2
lsuthrenl9,UwO16tpG,Lin,Suthren,11/30/1994,6.3,179.3
gswalwella,RgEyxxST,Gilbertina,Swalwel,7/13/2001,4.9,160.9
aleaverlb,NJvKCcIPXa,Arnie,Leaver,6/21/1982,6.1,170.7
dharseslc,MnMHoV,Danica,Harses,8/16/1983,6.2,246.6
mtaphouseld,wkYdPRLwuMv,Margette,Taphouse,11/12/1980,5.5,163.6
mworhamle,aVakcy,Mona,Worham,7/15/1979,6.3,240.8
hdoorbarlf,4qE5P3,Hew,Doorbar,10/8/2004,5.5,256.3
msantenlg,kDacXmSi7d,Maureene,Santen,8/8/1980,6.1,274
franscomelh,prhUwoPUb6Z,Frasier,Ranscome,5/20/2005,6.2,140.8
lcowansli,cvKfTd,Leann,Cowans,2/14/1995,5.4,264.1
ssimondslj,IasQAE,Sallie,Simonds,1/20/1978,6.3,277
dsonlk,lC6VWi,Dimitry,Son,7/23/1984,4.9,104.6
erobardleyll,G9y8iSfa0,Eugenius,Robardley,6/2/1992,6.3,274.1
ctampionlm,VB5rt5ZDx8q,Collete,Tampion,2/2/1982,5.8,291.1
berdisln,OC658a9zDwyK,Bridget,Erdis,5/7/1987,6.1,294.1
estuckfordlo,zQchMqYjDa0H,Ethel,Stuckford,11/12/2004,5,282.8
mbosslp,wq6Uj3zgXZK8,Milly,Boss,6/13/2007,5.2,137.4
eburnagelq,pSWID1OMW2h,Eva,Burnage,2/22/2003,6.1,276.9
afairleylr,fUGibc,Ayn,Fairley,8/19/1986,5.4,279.8
cwhittierls,bb1swVD8keHP,Cathi,Whittier,2/13/1985,5.1,103.2
lleavesleylt,iH5WTnc,Leese,Leavesley,1/26/1983,6.4,275.8
gscampionlu,2aJUgdY75g,Gale,Scampion,7/17/2000,6.5,193
srevellv,qHwCpK,Susannah,Revel,8/18/1980,6.5,284.7
mfenelonlw,AAcfOWHwCgh,Margaret,Fenelon,9/28/2006,5.1,182.1
hrichardssonlx,7nNxVGVR,Hamlin,Richardsson,10/13/1998,5.9,299.6
dwardelly,wv4k6L,Danielle,Wardel,9/6/1978,6.3,203.8
gdenholmlz,50YQiv8iD9,Gaby,Denholm,9/22/2002,5.3,297.6
docannonm0,nyvOmb,Diane,O'Cannon,1/2/1982,4.9,220
strowbridgem1,fEIvIZV,Shirl,Trowbridge,6/23/1975,6.3,125.7
jgladhillm2,Je1EjRdx,Jacquie,Gladhill,10/5/1985,5.1,235.3
ymastersm3,kvgPwu1OOcf,Yalonda,Masters,2/24/1979,6,182.2
egrasserm4,NFopbHSL9GXS,Elinore,Grasser,1/28/2001,5.7,231.3
hpowlettm5,Y2Wj9OCreC0R,Hillyer,Powlett,1/5/2003,5.7,196.6
phugeninm6,UuurQT,Pennie,Hugenin,11/20/1996,5.2,248.9
shehlm7,Vxbh77RNodxr,Slade,Hehl,12/3/1994,6.2,146.3
dattreym8,PO3qFr,Dorisa,Attrey,2/28/1972,5.5,165.7
ehugeninm9,E0KETzxRnt,Evan,Hugenin,9/7/1986,5.8,192.2
tmerritonma,m6wBDH1xad4E,Tabby,Merriton,6/5/1995,5.8,139.4
qspearsmb,PWL4mSXY3qj,Queenie,Spears,8/21/1992,5.7,141.2
sclintonmc,9TgUCL1RO8h,Saundra,Clinton,11/28/1995,5,264.1
educhesnemd,qzAbpHHkofwL,Elwood,Duchesne,9/7/1983,5,237.7
faichesonme,X9yCT5n,Fifi,Aicheson,4/13/1982,5.7,213
rsyddiemf,HzF1pVxQjk4v,Riccardo,Syddie,3/12/1998,5.5,217.8
kbarckmg,nVVfb0euJ,Kali,Barck,5/28/1973,6.1,223.4
amacmorlandmh,i1LSiE,Arie,MacMorland,8/15/1982,6.3,276.8
bgloyensmi,sdnvvrgwQO,Brent,Gloyens,8/13/1971,6.2,299.3
ifarncombemj,eomRGmL8g,Ilaire,Farncombe,3/12/1996,5,127.6
rsilbersakmk,lVqv4BCMfCco,Rafferty,Silbersak,10/11/1994,5,183.2
spridhamml,wc2iJagUz9n,Sylvan,Pridham,11/26/2004,5.2,158.3
ablackmm,mLTwLrTVl,Ambrosius,Black,12/3/1980,4.9,291.6
mmanniemn,ZriTl24ZTR,Mac,Mannie,5/15/1976,6.5,227.3
stookeymo,cm9PZ14ZZsOJ,Stacia,Tookey,2/4/1975,5.7,263.2
tsibbemp,8reoV40muZww,Tomasine,Sibbe,6/12/2005,5.9,220.3
bgriffithmq,ySWdSqXKO,Bendix,Griffith,12/14/1991,5.1,143.8
rbratchellmr,vkRnloKD7,Rodrigo,Bratchell,6/4/1993,6.2,225.8
spetrims,lBBg3XCHHA,Sherry,Petri,6/12/1972,5.6,103.7
chastlermt,xq7VfxLZ,Cole,Hastler,9/28/1972,5.8,189.9
mbowringmu,7wlzp32x2h,Morse,Bowring,3/23/1997,6.6,294.7
gpiepermv,Qn7dTl9vF,Georgia,Pieper,2/27/1979,6,120.4
tpateselmw,BRSZHXgCl9Uw,Tanney,Patesel,4/19/2005,5.2,228.3
wfitchenmx,S43NSt,Willi,Fitchen,12/8/1976,5.8,226.6
ccristoforimy,2glPJvFrwBQ,Cookie,Cristofori,6/7/2007,5.7,180.7
bcapellemz,UAQHyE,Bree,Capelle,8/13/2003,5.6,223
jkensitn0,cAT93XSECHo,Jaimie,Kensit,12/22/2005,5.5,118.5
mhackneyn1,r0mt7qLDDQ,Michel,Hackney,5/9/1990,5.8,139.3
pjuliann2,K4i46MNs,Pat,Julian,6/5/1973,6.2,125.9
gmouldenn3,VeOJ733wj99,Gino,Moulden,3/28/1985,5.1,295.3
etrailn4,fffkkv,Eyde,Trail,11/29/1976,5.8,168.8
mrowettn5,GIKfksd,Merilyn,Rowett,5/29/2002,5.2,161.8
oplummn6,ibL0P3JW3h,Odey,Plumm,12/11/1997,6.1,257.5
hkolodziejskin7,Ni4yIPgwJK,Hube,Kolodziejski,8/9/1984,5.7,201.6
sbedenhamn8,W4KOdcslf5,Steward,Bedenham,1/8/1976,6.2,216.8
lantonuccin9,8b6n5srlq,Lane,Antonucci,2/27/2005,5.4,220.5
bvickorsna,JZzl4Z5PKPf,Bonnie,Vickors,6/2/2006,5.3,124.3
rparkesnb,GIBiTETE,Richard,Parkes,7/28/1983,6.4,282.4
crothmannc,dKrDOy6u4TW,Colette,Rothman,10/14/1987,6.1,244.1
habramowitchnd,s6nhvcBIu,Helge,Abramowitch,3/29/1992,5.9,201.1
lroblettne,5nAoAll2KyI,Leodora,Roblett,12/26/2002,6.1,142.8
cpumfrettnf,OYWlYkHZ,Cyrus,Pumfrett,12/2/1978,5.9,226.9
clazonbyng,I0DhxMQo6n7,Cirilo,Lazonby,7/19/2004,5,171.1
twattnh,35WUQexT,Tabby,Watt,1/15/1988,5.6,265
espinozzini,i8G6zgu9lue,Emmott,Spinozzi,2/26/1978,6.1,172.6
acuppleditchnj,jwhpRes0Y,Abbie,Cuppleditch,2/17/1987,6.5,199.1
dverdynk,NnOi29Elo,Davina,Verdy,11/8/1996,6.4,194.6
pmaplethorpnl,S4a7IOS,Preston,Maplethorp,3/7/1974,4.9,242.5
pwillcocksnm,mh0ltRAB,Petronilla,Willcocks,8/4/1977,5.7,143.5
akincadenn,nzCaIpFRCPWl,Abbe,Kincade,7/20/1997,6.4,218.7
gmaccleayno,zqwZko,Gian,MacCleay,3/23/2001,5.8,252.6
idossitnp,6ovjAmzb,Ilse,Dossit,11/28/1997,5.9,105.3
aarrundalenq,pU7iyd9Dx,Austin,Arrundale,4/8/1978,5.9,235.5
ggathwaitenr,Lf73kh,Gilda,Gathwaite,8/16/1981,5,153.6
rboliverns,f1WotqqYy9GD,Robby,Boliver,12/6/1973,6,270.6
mklezmskint,3CFq2S,Marcellus,Klezmski,6/20/1978,5.8,203.3
bhigfordnu,pcLkik,Bard,Higford,4/22/1984,6.1,143.1
ejewksnv,4GvVVD0t,Ed,Jewks,7/8/1981,5.7,179
bgourlaynw,vmlWsMy,Brinna,Gourlay,5/25/1976,5.5,165.2
gwebennx,UtnUPPgQOM,Georas,Weben,7/23/1994,5.9,253.5
bmorcombny,AJEIYAJ7TZ,Benedikta,Morcomb,6/25/1996,5.2,106
rrobardeynz,t2yDfNpfb,Rakel,Robardey,12/9/1997,6.6,279.2
ahalgartho0,ug5hQyRN6K,Avie,Halgarth,10/12/1998,6.4,288.7
dattreyo1,lSzMs7Y,Durant,Attrey,4/6/1993,6.3,163.4
sgennero2,wPT79l5X6,Shawna,Genner,6/6/1995,5.5,146.7
lrobioto3,FHTZux9J,Leon,Robiot,3/25/1976,6.4,139.5
hfosdikeo4,S44Uj9,Hugues,Fosdike,3/17/1994,6.1,160.8
rchristoffeo5,yRM4SJzZvK,Reynard,Christoffe,8/25/1996,5.7,118.8
hshealo6,HDEl2e5m,Hinda,Sheal,12/11/1996,5.2,270.4
mcastleo7,GhcO7op8J,Marybeth,Castle,4/15/1986,6.1,229.9
pdmitrienkoo8,OXMDPfCSfx,Penni,Dmitrienko,8/22/1986,6.2,140
tdahleno9,F0W5EfPf3A,Tammara,Dahlen,12/8/1998,6.4,260
hguthersonoa,dQKjfK5sp,Horatia,Gutherson,2/3/1972,5.2,107.4
mgallicoob,tdVV7k,Mitch,Gallico,8/7/2004,6.2,277.7
dgirdlestoneoc,KKIMHW,Davey,Girdlestone,10/21/1981,5.5,295.1
rdickerod,TvdmUm,Raquela,Dicker,11/16/2000,6.5,223.7
mkumaaroe,HbTRu1,Morten,Kumaar,3/14/1973,5.1,234.6
yshepperdof,mVfk2lZt0T,Yoko,Shepperd,1/17/2003,6.5,266.2
tcholwellog,uZwricbvSdrW,Tammie,Cholwell,3/14/2005,6.2,136.4
jkingsnoadoh,zNIwaGpYGO,Jenine,Kingsnoad,11/6/2002,6.1,132.9
apynneroi,ZLlLti,Ainslee,Pynner,10/29/1980,6.3,204.6
bollerheadoj,a0kJdJ2uE,Babita,Ollerhead,3/12/1977,6.1,294.7
cbaggallyok,kJLcCHSxb,Cindie,Baggally,9/27/1981,4.9,208
jberlinol,jkrXDNgpuuz9,Jany,Berlin,12/26/1980,5,234
dswayneom,XkbvKiI,Dennison,Swayne,9/11/1979,5.4,163.8
frappporton,sTp5d7xsN5O,Farand,Rappport,9/2/1991,5.5,271.7
mhaycoxoo,GxkpV0q,Madelaine,Haycox,7/1/1990,5.4,182.2
mselfop,qzQLL9r3BLHD,Mariejeanne,Self,4/4/2004,4.9,128.6
abecheoq,G0utMGD2xuDY,Antonietta,Beche,12/26/1985,5.9,114.7
nfeldereror,Zs19jL7xms,Nellie,Felderer,3/18/1998,5.1,274.7
ejagelsos,x08SoYNv,Everard,Jagels,10/8/1978,5.1,296.8
ntolumelloot,JDh4QdA,Neille,Tolumello,11/20/1986,5,236.4
clarnou,nGXAjBg,Christa,Larn,6/3/1985,5.3,221.9
cortegaov,HO92NF4o,Cordy,Ortega,3/17/2005,5.6,209.4
whumbatchow,FsXgper5Ts,Winifield,Humbatch,5/17/2002,5.3,213
tmendoncaox,wu6dt2kYTt,Tobin,Mendonca,3/19/2005,5.1,240.7
zschulzeoy,FzqS13t7OVS,Zia,Schulze,10/8/1990,6,266.8
zbricknelloz,BVT7D3pTuCj,Zack,Bricknell,7/31/1971,5.2,214.1
tcumminsp0,QAo9vp1vs,Tammy,Cummins,4/16/2002,5.7,279.9
pgormleyp1,RnpBmphuaFR,Porter,Gormley,9/1/1985,5.1,151.2
rstearnp2,sYMx6WszAj,Rosemonde,Stearn,7/28/2004,6,217.6
ntiptaftp3,pssYFltPON,Nicol,Tiptaft,9/21/1977,5.2,134.2
amawtusp4,xwVwOTQY6gi,Audrye,Mawtus,4/7/1973,6,114.3
bzellmerp5,WV0LPGL2jD4,Boote,Zellmer,8/14/1976,4.9,265.5
jmatuschekp6,6RJBRT6a,Josefa,Matuschek,12/11/2006,5.1,110.7
yespinoyp7,W03usI,Yorke,Espinoy,4/29/2006,5,125.2
rsleithp8,IzXxVSY4O2T,Raphael,Sleith,7/27/1991,6.6,296.8
zwigelsworthp9,axc6BG87lA,Zora,Wigelsworth,5/14/1985,5.9,211.1
flivermorepa,apiH3fbSW,Fernande,Livermore,5/6/2005,5.5,254
cblythpb,n8osKBW,Cecilia,Blyth,5/21/1974,5.1,223.7
bbaxstarpc,Cw3YrvKt,Benetta,Baxstar,3/4/2004,5,175.8
gyerringtonpd,Giztb6HbaK,Guthry,Yerrington,4/12/1996,6.4,246.5
mbrooksbiepe,Et6U65On,Miquela,Brooksbie,6/19/2004,6.5,226
amewtonpf,MnAgpne6qw,Alberto,Mewton,7/3/1989,6,126.4
kokerinpg,MnunLdcFc,Kennie,O'Kerin,3/28/1987,6.4,117.2
ggormanph,wzV3tMgoYp1,Garth,Gorman,2/3/1992,6.4,153.2
byearnespi,RS0EtEu,Beryl,Yearnes,7/24/2006,6.5,233.9
sshadwickpj,yqYfrJHXRR,Sean,Shadwick,6/15/1975,6.3,211
vizattpk,Pjo9GgmS4,Virge,Izatt,7/20/1975,6.5,107.7
mmitchelmorepl,ecutgLbMxA,Marguerite,Mitchelmore,5/23/1974,5.8,176.9
mscotchmorepm,ky9WvSbj2FWs,Madelina,Scotchmore,1/5/1986,5.5,138.9
lmatfinpn,e7HfKrKVRzbb,Lon,Matfin,3/23/1988,5.9,113.6
bhixsonpo,UBvh9EAn,Benoite,Hixson,3/20/1980,4.9,234.6
tpiaggiapp,Zxld8z8E,Tabbie,Piaggia,12/4/1988,6,219.4
kcourspq,k8BXt2DNFQW,Kathryne,Cours,1/26/2007,6.6,101.6
berskinpr,wz1fVuz,Bendicty,Erskin,9/14/2000,5.7,277.7
jfarlhamps,RwbF1M,Janice,Farlham,4/28/1997,5.3,124.7
izanellipt,DUWnFnpvvg,Inglebert,Zanelli,3/24/1978,6.3,108
ghowespu,Hpmh4BCMs,Gerik,Howes,2/2/1995,5.7,164.1
fbrierlypv,PvqFiZmNJ,Federica,Brierly,6/9/1994,6.2,124.8
emencopw,zriejjNblsd,Elly,Menco,5/25/2005,6.4,136.4
igoranovpx,8yCQtYJm,Issi,Goranov,11/17/1971,6.5,255.7
mmuglestonepy,mXAtZV,Maison,Muglestone,11/19/1989,6.1,299.5
frickerdpz,tifWbW,Fredericka,Rickerd,3/2/1972,6.5,183.2
bcalwellq0,ckXuEkYX,Bernie,Calwell,10/9/1991,6.1,252.5
mfitterq1,dRRVgo6TAgZ,Meredithe,Fitter,4/19/1993,6.4,291
bpitcaithleyq2,T4PjxzxhC,Britteny,Pitcaithley,12/18/1991,6.3,110.6
jhouldeyq3,Is6XAXnA,Jameson,Houldey,9/27/1983,6.5,174.9
galtimasq4,WUsLWY1azkc,Gottfried,Altimas,1/14/1991,6.2,192.2
smechicq5,SAw2KC,Sharona,Mechic,2/26/1989,6.4,138.7
kcuthbertq6,ypW2JOrkoLm,Kristopher,Cuthbert,5/10/1990,5.3,141.8
bcroomq7,2VFPXIogYGGV,Borg,Croom,1/27/1974,6.2,167.7
dteareq8,8vlGaNjZh,Dorella,Teare,7/13/1977,6.2,151
jbrissetq9,MWAPjFHFfmY,Jessica,Brisset,5/21/1982,5.6,137.9
lcainsqa,mBRMGz,Leupold,Cains,11/11/2001,5.4,142
swarlandqb,OL58w7t9Q,Sioux,Warland,9/27/1992,5.8,281
aboydellqc,IuVO9cjjr,Auria,Boydell,4/4/1990,5.2,127
rwheatlandqd,fevttA48,Rosina,Wheatland,2/5/1979,6.5,291.2
truaneqe,9VRGiWIDBl,Tammy,Ruane,10/6/1977,5.6,259.5
pcorlessqf,yIDj2X,Penn,Corless,6/28/1974,5.5,137
mcoppledikeqg,swGt4LJogsW,Merle,Coppledike,3/20/1986,6.6,149.7
craatzqh,wHEVHzB,Correna,Raatz,8/4/1991,5.5,104.4
smethingamqi,StrAMgbIcl,Salvatore,Methingam,4/23/1993,6,186.6
omirfieldqj,MAYts8ls6wdP,Olly,Mirfield,7/13/1998,6.5,223.2
bwillardqk,fFXCP13prxJ,Baxie,Willard,3/27/2004,5.1,289.6
cduftyql,9Q4Q3Fa4G,Cathie,Dufty,11/22/1993,5.6,187.3
hbosankoqm,y8MRYnwbsbB,Harlene,Bosanko,9/8/1980,6.5,255.4
dblockleyqn,ML2RgkLzugjF,Dorry,Blockley,12/14/1989,5.6,150
amcgurganqo,DDaGHlpk,Ailsun,McGurgan,6/23/1978,5.9,232.4
dbonwellqp,trQGvgoHuq,Dorelia,Bonwell,2/25/1991,6.5,170.4
tjanzqq,WAMgOxq3aF8x,Tanya,Janz,2/4/2007,6,270.8
ceavesqr,3tVswP6UgK,Celestyna,Eaves,9/14/1996,5.9,200.1
sgashqs,whQJCe59v,Susannah,Gash,4/24/1999,6.1,285.2
gtuckwellqt,HNjlYw,Ginnie,Tuckwell,9/2/1995,6.1,143.7
ybaynsqu,oqlJcUPmGe,Yasmin,Bayns,7/9/1976,6,100.3
maldusqv,BfWGYehKv2,Meredeth,Aldus,11/12/1974,4.9,131.2
kyushkinqw,kbGQJj,Kele,Yushkin,11/3/1976,5.8,268.5
mmcliceqx,he2JMPZ,Modesty,McLice,3/6/1996,5.5,128.4
sbuckberryqy,LBcXh6Afx,Sibilla,Buckberry,7/19/1999,6.2,119
leickeqz,GORBTKqBh,Lammond,Eicke,1/30/1981,5.6,234.6
gwesthoffr0,N2B4wN1D,Goober,Westhoff,6/21/1977,5,166.8
khandleyr1,cZsFto,Keene,Handley,6/8/1978,5.3,294.1
etowsier2,p0ebyxhCc,Enriqueta,Towsie,11/26/2002,5.8,196.8
acalcuttr3,bPifssmuw,Amargo,Calcutt,11/27/1989,5.8,290.1
tatyeor4,hWCGRzLZUTr,Teddy,Atyeo,4/17/1991,6.3,209.3
aricardsr5,lPfUzhvM,Agretha,Ricards,4/15/1977,5.8,209.7
fmattear6,i8cCucr,Felicity,Mattea,6/1/1977,6.2,243.4
bninottir7,ir4ihcTb,Brit,Ninotti,9/17/2007,5.7,112.9
bisacoffr8,V5pN7p,Brittni,Isacoff,8/15/1979,5.9,194.1
acunninghamr9,DChqA4lypZT,Arlie,Cunningham,6/27/2007,5.5,237.3
npougherra,9M0xyQ,Nada,Pougher,3/21/1997,5.8,133.4
dpachtarb,Bwdnyve,Diego,Pachta,9/10/1988,6.3,178.1
tivanshintsevrc,tE697A,Thatcher,Ivanshintsev,11/19/1993,6.3,107.3
nrackamrd,tSms31genbuQ,Ninette,Rackam,11/29/2004,4.9,283.6
gmaxwailere,nCdo0pBeZgq,Gretal,Maxwaile,4/14/1983,5,253.2
dburdikinrf,uCsozogJte4,Dion,Burdikin,11/25/1995,5.4,206.2
pbuckberryrg,QtSnLv7LWG6B,Patton,Buckberry,8/25/1975,5.5,239.8
cjenkersonrh,TL7TZY,Cher,Jenkerson,4/8/1972,5.8,295.7
panersenri,zfpGCJl3,Pasquale,Anersen,1/25/1976,6.2,103.7
bseatonrj,tFwenTIn,Brett,Seaton,8/1/1996,5,131.1
sbriknerrk,EV3Rbx3SZR,Stephannie,Brikner,3/1/2006,5.4,203.4
rminnetterl,h8w2ZX6b3,Rog,Minnette,5/14/1988,5.6,209.7
fbezzantrm,dVll7B,Farlay,Bezzant,4/21/1993,5.8,276
ebrislenrn,dQGSLR,Elsie,Brislen,11/10/2005,6.4,190.9
mjorioro,91xHqncr,Maureene,Jorio,7/17/1995,4.9,142.2
aeptonrp,rhgNREF,Auria,Epton,12/27/1975,4.9,240.2
fthackhamrq,TWJDsY54HKF,Frankie,Thackham,3/13/1983,5.6,150.6
gcottisfordrr,qIJmzFvEHDMe,Gabriell,Cottisford,7/20/1988,6.3,289.7
